rownames,treat,age,educ,race,married,nodegree,re74,re75,re78,hispan,white
NSW1,1,37,11,black,1,1,0.0,0.0,9930.046,False,False
NSW2,1,22,9,hispan,0,1,0.0,0.0,3595.894,True,False
NSW3,1,30,12,black,0,0,0.0,0.0,24909.45,False,False
NSW4,1,27,11,black,0,1,0.0,0.0,7506.146,False,False
NSW5,1,33,8,black,0,1,0.0,0.0,289.7899,False,False
NSW6,1,22,9,black,0,1,0.0,0.0,4056.494,False,False
NSW7,1,23,12,black,0,0,0.0,0.0,0.0,False,False
NSW8,1,32,11,black,0,1,0.0,0.0,8472.158,False,False
NSW9,1,22,16,black,0,0,0.0,0.0,2164.022,False,False
NSW10,1,33,12,white,1,0,0.0,0.0,12418.07,False,True
NSW11,1,19,9,black,0,1,0.0,0.0,8173.908,False,False
NSW12,1,21,13,black,0,0,0.0,0.0,17094.64,False,False
NSW13,1,18,8,black,0,1,0.0,0.0,0.0,False,False
NSW14,1,27,10,black,1,1,0.0,0.0,18739.93,False,False
NSW15,1,17,7,black,0,1,0.0,0.0,3023.879,False,False
NSW16,1,19,10,black,0,1,0.0,0.0,3228.503,False,False
NSW17,1,27,13,black,0,0,0.0,0.0,14581.86,False,False
NSW18,1,23,10,black,0,1,0.0,0.0,7693.4,False,False
NSW19,1,40,12,black,0,0,0.0,0.0,10804.32,False,False
NSW20,1,26,12,black,0,0,0.0,0.0,10747.35,False,False
NSW21,1,23,11,black,0,1,0.0,0.0,0.0,False,False
NSW22,1,41,14,white,0,0,0.0,0.0,5149.501,False,True
NSW23,1,38,9,white,0,1,0.0,0.0,6408.95,False,True
NSW24,1,24,11,black,0,1,0.0,0.0,1991.4,False,False
NSW25,1,18,10,black,0,1,0.0,0.0,11163.17,False,False
NSW26,1,29,11,black,1,1,0.0,0.0,9642.999,False,False
NSW27,1,25,11,black,0,1,0.0,0.0,9897.049,False,False
NSW28,1,27,10,hispan,0,1,0.0,0.0,11142.87,True,False
NSW29,1,17,10,black,0,1,0.0,0.0,16218.04,False,False
NSW30,1,24,11,black,0,1,0.0,0.0,995.7002,False,False
NSW31,1,17,10,black,0,1,0.0,0.0,0.0,False,False
NSW32,1,48,4,black,0,1,0.0,0.0,6551.592,False,False
NSW33,1,25,11,black,1,1,0.0,0.0,1574.424,False,False
NSW34,1,20,12,black,0,0,0.0,0.0,0.0,False,False
NSW35,1,25,12,black,0,0,0.0,0.0,3191.753,False,False
NSW36,1,42,14,black,0,0,0.0,0.0,20505.93,False,False
NSW37,1,25,5,black,0,1,0.0,0.0,6181.88,False,False
NSW38,1,23,12,black,1,0,0.0,0.0,5911.551,False,False
NSW39,1,46,8,black,1,1,0.0,0.0,3094.156,False,False
NSW40,1,24,10,black,0,1,0.0,0.0,0.0,False,False
NSW41,1,21,12,black,0,0,0.0,0.0,1254.582,False,False
NSW42,1,19,9,white,0,1,0.0,0.0,13188.83,False,True
NSW43,1,17,8,black,0,1,0.0,0.0,8061.485,False,False
NSW44,1,18,8,hispan,1,1,0.0,0.0,2787.96,True,False
NSW45,1,20,11,black,0,1,0.0,0.0,3972.54,False,False
NSW46,1,25,11,black,1,1,0.0,0.0,0.0,False,False
NSW47,1,17,8,black,0,1,0.0,0.0,0.0,False,False
NSW48,1,17,9,black,0,1,0.0,0.0,0.0,False,False
NSW49,1,25,5,black,0,1,0.0,0.0,12187.41,False,False
NSW50,1,23,12,black,0,0,0.0,0.0,4843.176,False,False
NSW51,1,28,8,black,0,1,0.0,0.0,0.0,False,False
NSW52,1,31,11,black,1,1,0.0,0.0,8087.487,False,False
NSW53,1,18,11,black,0,1,0.0,0.0,0.0,False,False
NSW54,1,25,12,black,0,0,0.0,0.0,2348.973,False,False
NSW55,1,30,11,black,1,1,0.0,0.0,590.7818,False,False
NSW56,1,17,10,black,0,1,0.0,0.0,0.0,False,False
NSW57,1,37,9,black,0,1,0.0,0.0,1067.506,False,False
NSW58,1,41,4,black,1,1,0.0,0.0,7284.986,False,False
NSW59,1,42,14,black,1,0,0.0,0.0,13167.52,False,False
NSW60,1,22,11,white,0,1,0.0,0.0,1048.432,False,True
NSW61,1,17,8,black,0,1,0.0,0.0,0.0,False,False
NSW62,1,29,8,black,0,1,0.0,0.0,1923.938,False,False
NSW63,1,35,10,black,0,1,0.0,0.0,4666.236,False,False
NSW64,1,27,11,black,0,1,0.0,0.0,549.2984,False,False
NSW65,1,29,4,black,0,1,0.0,0.0,762.9146,False,False
NSW66,1,28,9,black,0,1,0.0,0.0,10694.29,False,False
NSW67,1,27,11,black,0,1,0.0,0.0,0.0,False,False
NSW68,1,23,7,white,0,1,0.0,0.0,0.0,False,True
NSW69,1,45,5,black,1,1,0.0,0.0,8546.715,False,False
NSW70,1,29,13,black,0,0,0.0,0.0,7479.656,False,False
NSW71,1,27,9,black,0,1,0.0,0.0,0.0,False,False
NSW72,1,46,13,black,0,0,0.0,0.0,647.2046,False,False
NSW73,1,18,6,black,0,1,0.0,0.0,0.0,False,False
NSW74,1,25,12,black,0,0,0.0,0.0,11965.81,False,False
NSW75,1,28,15,black,0,0,0.0,0.0,9598.541,False,False
NSW76,1,25,11,white,0,1,0.0,0.0,18783.35,False,True
NSW77,1,22,12,black,0,0,0.0,0.0,18678.08,False,False
NSW78,1,21,9,black,0,1,0.0,0.0,0.0,False,False
NSW79,1,40,11,black,0,1,0.0,0.0,23005.6,False,False
NSW80,1,22,11,black,0,1,0.0,0.0,6456.697,False,False
NSW81,1,25,12,black,0,0,0.0,0.0,0.0,False,False
NSW82,1,18,12,black,0,0,0.0,0.0,2321.107,False,False
NSW83,1,38,12,white,0,0,0.0,0.0,4941.849,False,True
NSW84,1,27,13,black,0,0,0.0,0.0,0.0,False,False
NSW85,1,27,8,black,0,1,0.0,0.0,0.0,False,False
NSW86,1,38,11,black,0,1,0.0,0.0,0.0,False,False
NSW87,1,23,8,hispan,0,1,0.0,0.0,3881.284,True,False
NSW88,1,26,11,black,0,1,0.0,0.0,17230.96,False,False
NSW89,1,21,12,white,0,0,0.0,0.0,8048.603,False,True
NSW90,1,25,8,black,0,1,0.0,0.0,0.0,False,False
NSW91,1,31,11,black,1,1,0.0,0.0,14509.93,False,False
NSW92,1,17,10,black,0,1,0.0,0.0,0.0,False,False
NSW93,1,25,11,black,0,1,0.0,0.0,0.0,False,False
NSW94,1,21,12,black,0,0,0.0,0.0,9983.784,False,False
NSW95,1,44,11,black,0,1,0.0,0.0,0.0,False,False
NSW96,1,25,12,white,0,0,0.0,0.0,5587.503,False,True
NSW97,1,18,9,black,0,1,0.0,0.0,4482.845,False,False
NSW98,1,42,12,black,0,0,0.0,0.0,2456.153,False,False
NSW99,1,25,10,black,0,1,0.0,0.0,0.0,False,False
NSW100,1,31,9,hispan,0,1,0.0,0.0,26817.6,True,False
NSW101,1,24,10,black,0,1,0.0,0.0,0.0,False,False
NSW102,1,26,10,black,0,1,0.0,0.0,9265.788,False,False
NSW103,1,25,11,black,0,1,0.0,0.0,485.2298,False,False
NSW104,1,18,11,black,0,1,0.0,0.0,4814.627,False,False
NSW105,1,19,11,black,0,1,0.0,0.0,7458.105,False,False
NSW106,1,43,9,black,0,1,0.0,0.0,0.0,False,False
NSW107,1,27,13,black,0,0,0.0,0.0,34099.28,False,False
NSW108,1,17,9,black,0,1,0.0,0.0,1953.268,False,False
NSW109,1,30,11,black,0,1,0.0,0.0,0.0,False,False
NSW110,1,26,10,black,1,1,2027.999,0.0,0.0,False,False
NSW111,1,20,9,black,0,1,6083.994,0.0,8881.665,False,False
NSW112,1,17,9,hispan,0,1,445.1704,74.34345,6210.67,True,False
NSW113,1,20,12,black,0,0,989.2678,165.2077,0.0,False,False
NSW114,1,18,11,black,0,1,858.2543,214.5636,929.8839,False,False
NSW115,1,27,12,black,1,0,3670.872,334.0493,0.0,False,False
NSW116,1,21,12,white,0,0,3670.872,334.0494,12558.02,False,True
NSW117,1,27,12,black,0,0,2143.413,357.9499,22163.25,False,False
NSW118,1,20,12,black,0,0,0.0,377.5686,1652.637,False,False
NSW119,1,19,10,black,0,1,0.0,385.2741,8124.715,False,False
NSW120,1,23,12,black,0,0,5506.308,501.0741,671.3318,False,False
NSW121,1,29,14,black,0,0,0.0,679.6734,17814.98,False,False
NSW122,1,18,10,black,0,1,0.0,798.9079,9737.154,False,False
NSW123,1,19,9,black,0,1,0.0,798.9079,17685.18,False,False
NSW124,1,27,13,white,1,0,9381.566,853.7225,0.0,False,True
NSW125,1,18,11,white,0,1,3678.231,919.5579,4321.705,False,True
NSW126,1,27,9,black,1,1,0.0,934.4454,1773.423,False,False
NSW127,1,22,12,black,0,0,5605.852,936.1773,0.0,False,False
NSW128,1,23,10,black,1,1,0.0,936.4386,11233.26,False,False
NSW129,1,23,12,hispan,0,0,9385.74,1117.439,559.4432,True,False
NSW130,1,20,11,black,0,1,3637.498,1220.836,1085.44,False,False
NSW131,1,17,9,black,0,1,1716.509,1253.439,5445.2,False,False
NSW132,1,28,11,black,0,1,0.0,1284.079,60307.93,False,False
NSW133,1,26,11,black,1,1,0.0,1392.853,1460.36,False,False
NSW134,1,20,11,black,0,1,16318.62,1484.994,6943.342,False,False
NSW135,1,24,11,black,1,1,824.3886,1666.113,4032.708,False,False
NSW136,1,31,9,black,0,1,0.0,1698.607,10363.27,False,False
NSW137,1,23,8,white,1,1,0.0,1713.15,4232.309,False,True
NSW138,1,18,10,black,0,1,2143.411,1784.274,11141.39,False,False
NSW139,1,29,12,black,0,0,10881.94,1817.284,0.0,False,False
NSW140,1,26,11,white,0,1,0.0,2226.266,13385.86,False,True
NSW141,1,24,9,black,0,1,9154.7,2288.675,4849.559,False,False
NSW142,1,25,12,black,0,0,14426.79,2409.274,0.0,False,False
NSW143,1,24,10,black,0,1,4250.402,2421.947,1660.508,False,False
NSW144,1,46,8,black,0,1,3165.658,2594.723,0.0,False,False
NSW145,1,31,12,white,0,0,0.0,2611.218,2484.549,False,True
NSW146,1,19,11,black,0,1,2305.026,2615.276,4146.603,False,False
NSW147,1,19,8,black,0,1,0.0,2657.057,9970.681,False,False
NSW148,1,27,11,black,0,1,2206.94,2666.274,0.0,False,False
NSW149,1,26,11,black,1,1,0.0,2754.646,26372.28,False,False
NSW150,1,20,10,black,0,1,5005.731,2777.355,5615.189,False,False
NSW151,1,28,10,black,0,1,0.0,2836.506,3196.571,False,False
NSW152,1,24,12,black,0,0,13765.75,2842.764,6167.681,False,False
NSW153,1,19,8,black,0,1,2636.353,2937.264,7535.942,False,False
NSW154,1,23,12,black,0,0,6269.341,3039.96,8484.239,False,False
NSW155,1,42,9,black,1,1,0.0,3058.531,1294.409,False,False
NSW156,1,25,13,black,0,0,12362.93,3090.732,0.0,False,False
NSW157,1,18,9,black,0,1,0.0,3287.375,5010.342,False,False
NSW158,1,21,12,black,0,0,6473.683,3332.409,9371.037,False,False
NSW159,1,27,10,black,0,1,1001.146,3550.075,0.0,False,False
NSW160,1,21,8,black,0,1,989.2678,3695.897,4279.613,False,False
NSW161,1,22,9,black,0,1,2192.877,3836.986,3462.564,False,False
NSW162,1,31,4,black,0,1,8517.589,4023.211,7382.549,False,False
NSW163,1,24,10,black,1,1,11703.2,4078.152,0.0,False,False
NSW164,1,29,10,black,0,1,0.0,4398.95,0.0,False,False
NSW165,1,29,12,black,0,0,9748.387,4878.937,10976.51,False,False
NSW166,1,19,10,white,0,1,0.0,5324.109,13829.62,False,True
NSW167,1,19,11,hispan,1,1,5424.485,5463.803,6788.463,True,False
NSW168,1,31,9,black,0,1,10717.03,5517.841,9558.501,False,False
NSW169,1,22,10,black,1,1,1468.348,5588.664,13228.28,False,False
NSW170,1,21,9,black,0,1,6416.47,5749.331,743.6666,False,False
NSW171,1,17,10,black,0,1,1291.468,5793.852,5522.788,False,False
NSW172,1,26,12,black,1,0,8408.762,5794.831,1424.944,False,False
NSW173,1,20,9,hispan,0,1,12260.78,5875.049,1358.643,True,False
NSW174,1,19,10,black,0,1,4121.949,6056.754,0.0,False,False
NSW175,1,26,10,black,0,1,25929.68,6788.958,672.8773,False,False
NSW176,1,28,11,black,0,1,1929.029,6871.856,0.0,False,False
NSW177,1,22,12,hispan,1,0,492.2305,7055.702,10092.83,True,False
NSW178,1,33,11,black,0,1,0.0,7867.916,6281.433,False,False
NSW179,1,22,12,white,0,0,6759.994,8455.504,12590.71,False,True
NSW180,1,29,10,hispan,0,1,0.0,8853.674,5112.014,True,False
NSW181,1,33,12,black,1,0,20279.95,10941.35,15952.6,False,False
NSW182,1,25,14,black,1,0,35040.07,11536.57,36646.95,False,False
NSW183,1,35,9,black,1,1,13602.43,13830.64,12803.97,False,False
NSW184,1,35,8,black,1,1,13732.07,17976.15,3786.628,False,False
NSW185,1,33,11,black,1,1,14660.71,25142.24,4181.942,False,False
PSID1,0,30,12,white,1,0,20166.73,18347.23,25564.67,False,True
PSID2,0,26,12,white,1,0,25862.32,17806.55,25564.67,False,True
PSID3,0,25,16,white,1,0,25862.32,15316.21,25564.67,False,True
PSID4,0,42,11,white,1,1,21787.05,14265.29,15491.01,False,True
PSID5,0,25,9,black,1,1,14829.69,13776.53,0.0,False,False
PSID6,0,37,9,black,1,1,13685.48,12756.05,17833.2,False,False
PSID7,0,32,12,white,1,0,19067.58,12625.35,14146.28,False,True
PSID8,0,20,12,black,0,0,7392.314,12396.19,17765.23,False,False
PSID9,0,38,9,hispan,1,1,16826.18,12029.18,0.0,True,False
PSID10,0,39,10,white,1,1,16767.41,12022.02,4433.18,False,True
PSID11,0,41,5,white,1,1,10785.76,11991.58,19451.31,False,True
PSID12,0,31,14,white,1,0,17831.29,11563.69,22094.97,False,True
PSID13,0,34,8,white,1,1,8038.872,11404.35,5486.799,False,True
PSID14,0,29,12,white,1,0,14768.95,11146.55,6420.722,False,True
PSID15,0,22,14,black,1,0,748.4399,11105.37,18208.55,False,False
PSID16,0,42,0,hispan,1,1,2797.833,10929.92,9922.934,True,False
PSID17,0,25,9,hispan,0,1,5460.477,10589.76,7539.361,True,False
PSID18,0,28,9,white,1,1,11091.41,10357.02,15406.78,False,True
PSID19,0,40,13,white,1,0,3577.621,10301.52,11911.95,False,True
PSID20,0,35,9,white,1,1,11475.43,9397.403,11087.38,False,True
PSID21,0,27,10,hispan,1,1,15711.36,9098.419,17023.41,True,False
PSID22,0,27,6,hispan,1,1,7831.189,9071.565,5661.171,True,False
PSID23,0,36,12,white,1,0,25535.12,8695.597,21905.82,False,True
PSID24,0,47,8,black,1,1,9275.169,8543.419,0.0,False,False
PSID25,0,40,11,white,1,1,20666.35,8502.242,25564.67,False,True
PSID26,0,27,7,white,1,1,3064.293,8461.065,11149.45,False,True
PSID27,0,36,9,black,1,1,13256.4,8457.484,0.0,False,False
PSID28,0,39,6,hispan,1,1,13279.91,8441.371,25048.94,True,False
PSID29,0,21,9,white,1,1,11156.07,8441.371,1213.214,False,True
PSID30,0,29,12,white,1,0,11199.17,8081.516,0.0,False,True
PSID31,0,22,13,hispan,0,0,6404.843,7882.79,9453.017,True,False
PSID32,0,25,10,white,1,1,13634.54,7793.274,11688.82,False,True
PSID33,0,27,12,white,1,0,12270.89,7709.129,7806.829,False,True
PSID34,0,45,8,white,1,1,22415.97,7635.726,15931.37,False,True
PSID35,0,26,12,white,1,0,2345.242,7565.903,2838.713,False,True
PSID36,0,27,12,white,1,0,9788.497,7496.081,14038.4,False,True
PSID37,0,33,8,white,1,1,12312.03,7474.597,25514.43,False,True
PSID38,0,25,12,white,1,0,11381.38,7467.435,4162.756,False,True
PSID39,0,49,8,white,1,1,6459.703,7431.629,7503.896,False,True
PSID40,0,40,3,hispan,1,1,7576.485,7426.258,12104.06,True,False
PSID41,0,22,12,black,1,0,9729.719,7372.548,2231.367,False,False
PSID42,0,25,5,white,1,1,7891.927,7293.774,14617.67,False,True
PSID43,0,25,12,white,1,0,11516.57,7263.339,19588.74,False,True
PSID44,0,21,12,white,1,0,13601.23,7202.468,10746.03,False,True
PSID45,0,33,9,hispan,1,1,11959.36,7087.887,25564.67,True,False
PSID46,0,20,12,black,1,0,9555.344,7055.661,0.0,False,False
PSID47,0,19,11,white,1,1,4306.468,6978.677,837.871,False,True
PSID48,0,25,12,black,1,0,295.8493,6942.871,461.0507,False,False
PSID49,0,29,12,white,1,0,15303.83,6932.129,24290.87,False,True
PSID50,0,20,12,white,1,0,3558.029,6797.855,6680.802,False,True
PSID51,0,29,6,hispan,1,1,8542.403,6701.177,7196.528,True,False
PSID52,0,25,13,white,1,0,19259.59,6652.839,13015.82,False,True
PSID53,0,41,15,white,1,0,25862.32,6563.323,24647.0,False,True
PSID54,0,39,10,white,1,1,22745.13,6493.5,25564.67,False,True
PSID55,0,33,12,white,1,0,10819.07,6369.968,2936.243,False,True
PSID56,0,29,8,white,1,1,9169.369,6352.065,20575.86,False,True
PSID57,0,21,11,white,1,1,10679.96,6276.871,10923.35,False,True
PSID58,0,31,12,white,1,0,23652.27,6228.532,22403.81,False,True
PSID59,0,36,12,black,1,0,11040.47,6221.371,7215.739,False,False
PSID60,0,25,7,white,1,1,5597.625,6099.629,122.6513,False,True
PSID61,0,35,7,white,1,1,10715.23,6087.097,15177.73,False,True
PSID62,0,22,9,white,1,1,5683.833,6038.758,4742.025,False,True
PSID63,0,31,2,hispan,1,1,3262.179,5965.355,9732.307,True,False
PSID64,0,40,15,white,1,0,10907.24,5922.387,6238.962,False,True
PSID65,0,47,3,white,1,1,9047.894,5911.645,6145.865,False,True
PSID66,0,26,8,hispan,0,1,3168.134,5872.258,11136.15,True,False
PSID67,0,42,7,white,1,1,10971.89,5806.016,9241.702,False,True
PSID68,0,53,12,white,0,0,17104.4,5775.581,19965.56,False,True
PSID69,0,30,17,black,0,0,17827.37,5546.419,14421.13,False,False
PSID70,0,28,10,white,1,1,10415.46,5544.629,10289.41,False,True
PSID71,0,46,11,white,1,1,14753.28,5299.355,0.0,False,True
PSID72,0,28,12,white,0,0,8256.35,5279.661,21602.88,False,True
PSID73,0,27,12,hispan,1,0,17604.01,5222.371,25564.67,True,False
PSID74,0,25,10,white,1,1,4335.857,5181.194,12418.81,False,True
PSID75,0,38,8,white,1,1,11242.27,5174.032,0.0,False,True
PSID76,0,26,12,hispan,0,0,7968.338,5109.581,4181.966,True,False
PSID77,0,54,12,white,0,0,7165.039,5012.903,0.0,False,True
PSID78,0,38,8,hispan,1,1,22606.02,4978.887,8720.065,True,False
PSID79,0,23,17,white,0,0,0.0,4876.839,16747.08,False,True
PSID80,0,23,8,white,1,1,3595.255,4866.097,2782.559,False,True
PSID81,0,23,12,white,1,0,11690.95,4764.048,14065.0,False,True
PSID82,0,25,12,hispan,1,0,8746.167,4762.258,379.7757,True,False
PSID83,0,25,15,white,1,0,7386.436,4738.984,12705.49,False,True
PSID84,0,37,11,hispan,0,1,615.2098,4713.919,0.0,True,False
PSID85,0,40,12,white,1,0,18389.68,4688.855,21857.05,False,True
PSID86,0,19,10,white,0,1,5777.878,4672.742,135.9508,False,True
PSID87,0,48,7,white,1,1,13326.93,4636.935,0.0,False,True
PSID88,0,19,12,white,0,0,8530.648,4620.823,0.0,False,True
PSID89,0,16,9,white,0,1,2539.21,4579.645,0.0,False,True
PSID90,0,29,10,white,1,1,713.1731,4542.048,7781.708,False,True
PSID91,0,30,16,white,0,0,3093.682,4468.645,15538.29,False,True
PSID92,0,22,11,white,1,1,8761.841,4463.274,10642.59,False,True
PSID93,0,22,10,white,0,1,17268.98,4400.613,2453.026,False,True
PSID94,0,47,10,black,1,1,13311.26,4397.032,19330.14,False,False
PSID95,0,25,12,hispan,1,0,2266.872,4361.226,3020.473,True,False
PSID96,0,47,10,black,0,1,21918.32,4323.629,19438.02,False,False
PSID97,0,24,12,black,1,0,8573.752,4293.194,0.0,False,False
PSID98,0,20,12,black,1,0,2648.929,4273.5,0.0,False,False
PSID99,0,28,12,black,0,0,16722.34,4253.806,7314.747,False,False
PSID100,0,47,11,white,0,1,8060.424,4232.323,3358.873,False,True
PSID101,0,50,0,white,1,1,10162.72,4218.0,220.1813,False,True
PSID102,0,18,12,white,0,0,2217.89,4191.145,8957.978,False,True
PSID103,0,21,12,white,0,0,9665.063,4110.581,1687.564,False,True
PSID104,0,47,11,white,1,1,23924.61,4096.258,17358.85,False,True
PSID105,0,21,12,white,0,0,2827.222,4056.871,5937.505,False,True
PSID106,0,34,11,white,1,1,0.0,4010.323,18133.18,False,True
PSID107,0,19,12,white,1,0,5817.063,3919.016,1066.919,False,True
PSID108,0,44,13,white,1,0,8032.994,3881.419,3104.704,False,True
PSID109,0,21,15,white,1,0,6951.479,3879.629,0.0,False,True
PSID110,0,20,12,black,0,0,5099.971,3842.032,12718.79,False,False
PSID111,0,51,11,white,0,1,48.98167,3813.387,1525.014,False,True
PSID112,0,28,13,white,0,0,5260.631,3790.113,9253.524,False,True
PSID113,0,24,15,white,0,0,12746.99,3743.565,0.0,False,True
PSID114,0,28,8,hispan,1,1,8305.332,3718.5,0.0,True,False
PSID115,0,20,11,white,1,1,5822.941,3532.306,11075.56,False,True
PSID116,0,29,12,white,1,0,14288.93,3503.661,8133.407,False,True
PSID117,0,23,12,white,1,0,14347.71,3482.177,3818.445,False,True
PSID118,0,20,11,black,0,1,0.0,3480.387,5495.665,False,False
PSID119,0,42,7,white,1,1,4324.102,3457.113,9856.436,False,True
PSID120,0,43,12,white,1,0,14328.12,3453.532,18781.9,False,True
PSID121,0,27,13,white,0,0,16406.9,3426.677,5344.937,False,True
PSID122,0,27,4,hispan,1,1,626.9654,3410.565,3367.739,True,False
PSID123,0,25,12,white,1,0,21469.65,3405.194,7981.201,False,True
PSID124,0,18,12,white,0,0,4729.67,3328.21,12602.05,False,True
PSID125,0,31,16,white,1,0,25862.32,3254.806,25564.67,False,True
PSID126,0,27,12,white,1,0,4043.927,3231.532,7240.86,False,True
PSID127,0,18,11,white,0,1,0.0,3226.161,15814.63,False,True
PSID128,0,24,7,white,1,1,7860.578,3213.629,0.0,False,True
PSID129,0,23,12,white,1,0,7856.66,3213.629,5535.564,False,True
PSID130,0,50,12,white,1,0,19929.66,3190.355,18597.19,False,True
PSID131,0,19,12,white,0,0,99.92261,3172.452,15436.33,False,True
PSID132,0,23,10,white,1,1,15811.28,3145.597,6398.556,False,True
PSID133,0,51,12,white,1,0,21001.38,3140.226,16015.6,False,True
PSID134,0,19,11,black,0,1,5607.422,3054.29,94.5745,False,False
PSID135,0,20,10,white,1,1,3099.56,2970.145,21141.83,False,True
PSID136,0,20,11,hispan,0,1,2868.367,2968.355,7403.41,True,False
PSID137,0,21,12,white,0,0,8128.998,2939.71,0.0,False,True
PSID138,0,39,10,white,1,1,0.0,2886.0,18761.22,False,True
PSID139,0,36,5,white,0,1,3814.692,2873.468,2751.527,False,True
PSID140,0,19,9,black,0,1,1079.556,2873.468,14344.29,False,False
PSID141,0,42,6,hispan,1,1,2425.572,2832.29,1907.745,True,False
PSID142,0,20,7,white,0,1,1902.448,2792.903,6098.578,False,True
PSID143,0,23,12,white,1,0,4954.986,2771.419,0.0,False,True
PSID144,0,35,12,white,1,0,1469.45,2719.5,0.0,False,True
PSID145,0,18,12,white,0,0,881.6701,2696.226,12120.31,False,True
PSID146,0,43,8,white,1,1,18338.74,2674.742,6395.601,False,True
PSID147,0,37,14,white,1,0,18501.36,2638.935,13429.58,False,True
PSID148,0,24,10,white,1,1,4719.874,2565.532,2173.736,False,True
PSID149,0,51,12,white,0,0,20742.76,2538.677,1019.631,False,True
PSID150,0,22,11,hispan,0,1,7341.373,2535.097,14187.65,True,False
PSID151,0,19,12,white,0,0,336.9939,2518.984,7118.209,False,True
PSID152,0,52,0,hispan,1,1,773.9104,2506.452,0.0,True,False
PSID153,0,21,12,white,0,0,2903.633,2456.323,4787.834,False,True
PSID154,0,24,12,white,0,0,9784.578,2413.355,0.0,False,True
PSID155,0,35,8,white,1,1,2241.401,2399.032,9460.406,False,True
PSID156,0,20,13,white,0,0,0.0,2352.484,0.0,False,True
PSID157,0,17,7,black,0,1,1054.086,2286.242,1613.677,False,False
PSID158,0,18,10,black,0,1,311.5234,2284.452,8154.095,False,False
PSID159,0,28,12,black,0,0,6285.328,2255.806,7310.313,False,False
PSID160,0,25,14,hispan,1,0,1622.273,2239.694,1892.968,True,False
PSID161,0,40,12,hispan,0,0,13616.9,2228.952,876.2919,True,False
PSID162,0,50,3,white,1,1,3136.786,2203.887,13976.34,False,True
PSID163,0,48,8,white,1,1,16050.31,2116.161,11600.15,False,True
PSID164,0,17,7,hispan,0,1,0.0,2082.145,6460.621,True,False
PSID165,0,30,12,white,1,0,7347.251,2080.355,14475.81,False,True
PSID166,0,30,7,white,1,1,574.0652,2010.532,366.4762,False,True
PSID167,0,22,11,white,1,1,3030.986,1976.516,0.0,False,True
PSID168,0,27,12,white,1,0,11493.06,1906.694,13419.24,False,True
PSID169,0,25,9,white,1,1,23377.97,1901.323,1898.879,False,True
PSID170,0,21,14,white,0,0,80.32994,1890.581,6389.69,False,True
PSID171,0,17,10,white,0,1,0.0,1888.79,19993.64,False,True
PSID172,0,39,7,white,0,1,7786.126,1844.032,9206.237,False,True
PSID173,0,18,9,black,0,1,1183.397,1822.548,803.8833,False,False
PSID174,0,25,12,white,1,0,2721.422,1754.516,1037.364,False,True
PSID175,0,20,8,white,1,1,2360.916,1741.984,0.0,False,True
PSID176,0,19,13,white,0,0,2366.794,1709.758,0.0,False,True
PSID177,0,19,11,white,0,1,0.0,1693.645,9853.481,False,True
PSID178,0,22,12,white,0,0,10137.25,1679.323,25564.67,False,True
PSID179,0,18,11,black,0,1,2068.986,1623.823,20243.38,False,False
PSID180,0,21,10,white,0,1,1767.259,1555.79,7675.312,False,True
PSID181,0,24,12,white,1,0,7643.1,1546.839,3262.82,False,True
PSID182,0,18,11,white,0,1,1273.523,1532.516,12489.75,False,True
PSID183,0,17,10,white,0,1,568.1874,1525.355,6231.573,False,True
PSID184,0,17,10,white,0,1,0.0,1503.871,7843.773,False,True
PSID185,0,18,10,white,0,1,0.0,1491.339,237.914,False,True
PSID186,0,53,10,hispan,0,1,7878.212,1489.548,13170.98,True,False
PSID187,0,18,11,black,0,1,1191.234,1478.806,3683.972,False,False
PSID188,0,17,10,hispan,0,1,0.0,1453.742,6918.716,True,False
PSID189,0,26,12,black,0,0,0.0,1448.371,0.0,False,False
PSID190,0,39,5,white,1,1,13082.02,1434.048,18323.81,False,True
PSID191,0,18,12,black,0,0,1579.169,1408.984,3057.416,False,False
PSID192,0,23,13,white,0,0,601.4949,1394.661,4975.505,False,True
PSID193,0,18,8,white,0,1,5023.56,1391.081,6756.166,False,True
PSID194,0,28,10,white,1,1,7578.444,1383.919,2404.261,False,True
PSID195,0,32,4,white,1,1,0.0,1378.548,0.0,False,True
PSID196,0,18,11,black,0,1,0.0,1367.806,33.98771,False,False
PSID197,0,40,10,white,1,1,1543.902,1342.742,0.0,False,True
PSID198,0,21,14,white,0,0,8456.196,1330.21,16967.26,False,True
PSID199,0,29,10,hispan,0,1,3732.403,1323.048,6694.101,True,False
PSID200,0,31,6,white,0,1,2666.562,1321.258,0.0,False,True
PSID201,0,46,7,white,1,1,19171.43,1317.677,0.0,False,True
PSID202,0,20,9,hispan,1,1,0.0,1283.661,0.0,True,False
PSID203,0,36,18,white,1,0,3273.935,1269.339,18227.76,False,True
PSID204,0,45,12,white,1,0,16559.72,1265.758,7987.112,False,True
PSID205,0,16,10,white,0,1,1026.656,1224.581,6847.785,False,True
PSID206,0,18,12,white,0,0,818.9735,1208.468,2232.845,False,True
PSID207,0,40,12,hispan,0,0,11867.28,1195.935,3873.121,True,False
PSID208,0,16,9,white,0,1,0.0,1188.774,2451.548,False,True
PSID209,0,16,10,white,0,1,574.0652,1181.613,5578.418,False,True
PSID210,0,28,5,hispan,1,1,10967.98,1178.032,239.3917,True,False
PSID211,0,20,12,white,0,0,0.0,1147.597,15554.55,False,True
PSID212,0,19,8,white,1,1,39.18534,1136.855,5327.204,False,True
PSID213,0,16,8,white,0,1,0.0,1113.581,542.3257,False,True
PSID214,0,20,11,white,1,1,2547.047,1099.258,0.0,False,True
PSID215,0,35,10,white,1,1,4964.782,1086.726,1745.195,False,True
PSID216,0,32,6,hispan,1,1,979.6334,1036.597,0.0,True,False
PSID217,0,32,16,black,0,0,17135.75,1031.226,0.0,False,False
PSID218,0,17,9,black,0,1,0.0,981.0968,8900.347,False,False
PSID219,0,16,7,white,0,1,0.0,975.7258,4728.725,False,True
PSID220,0,32,15,white,0,0,489.8167,968.5645,7684.178,False,True
PSID221,0,19,12,white,0,0,815.055,964.9839,12059.73,False,True
PSID222,0,40,12,white,1,0,16851.65,961.4032,17717.94,False,True
PSID223,0,50,7,white,1,1,11473.47,956.0323,0.0,False,True
PSID224,0,39,11,white,0,1,0.0,930.9677,0.0,False,True
PSID225,0,18,8,hispan,0,1,0.0,902.3226,1306.31,True,False
PSID226,0,39,10,black,0,1,844.444,889.7903,701.9201,False,False
PSID227,0,17,11,hispan,0,1,0.0,873.6774,7759.542,True,False
PSID228,0,17,5,black,0,1,96.00407,868.3065,0.0,False,False
PSID229,0,19,12,white,0,0,2425.572,861.1452,2587.499,False,True
PSID230,0,27,15,white,0,0,0.0,857.5645,3392.86,False,True
PSID231,0,18,11,black,0,1,587.78,841.4516,7933.914,False,False
PSID232,0,20,14,white,1,0,0.0,805.6452,1454.083,False,True
PSID233,0,20,12,white,1,0,12145.49,791.3226,13683.75,False,True
PSID234,0,19,13,black,0,0,1714.358,785.9516,9067.33,False,False
PSID235,0,24,8,white,1,1,213.5601,760.8871,2340.719,False,True
PSID236,0,27,12,white,1,0,4222.22,751.9355,0.0,False,True
PSID237,0,19,9,white,0,1,773.9104,676.7419,5647.871,False,True
PSID238,0,52,8,black,1,1,5454.599,666.0,0.0,False,False
PSID239,0,18,11,hispan,0,1,0.0,630.1935,0.0,True,False
PSID240,0,16,10,hispan,0,1,0.0,630.1935,3892.332,True,False
PSID241,0,18,12,hispan,0,0,0.0,630.1935,4843.988,True,False
PSID242,0,45,12,white,0,0,4473.006,608.7097,0.0,False,True
PSID243,0,21,14,white,0,0,9708.167,594.3871,2256.488,False,True
PSID244,0,36,8,white,1,1,2715.544,585.4355,0.0,False,True
PSID245,0,21,13,white,0,0,513.3279,578.2742,0.0,False,True
PSID246,0,41,7,white,1,1,19573.08,565.7419,0.0,False,True
PSID247,0,18,7,white,0,1,491.776,558.5806,642.8111,False,True
PSID248,0,39,9,white,0,1,11230.52,537.0968,5752.79,False,True
PSID249,0,19,3,white,1,1,0.0,537.0968,0.0,False,True
PSID250,0,32,13,white,1,0,12553.02,524.5645,15353.58,False,True
PSID251,0,16,9,white,0,1,0.0,485.1774,4112.513,False,True
PSID252,0,16,7,white,0,1,658.3136,479.8065,6210.885,False,True
PSID253,0,21,9,black,0,1,1030.574,470.8548,1223.558,False,False
PSID254,0,22,12,white,1,0,12096.51,469.0645,14289.62,False,True
PSID255,0,23,11,hispan,1,1,8946.012,469.0645,4776.012,True,False
PSID256,0,17,8,black,0,1,0.0,451.1613,0.0,False,False
PSID257,0,21,8,white,1,1,5699.507,388.5,8844.194,False,True
PSID258,0,18,10,white,0,1,0.0,386.7097,0.0,False,True
PSID259,0,24,12,white,1,0,9051.813,327.629,8547.171,False,True
PSID260,0,24,12,black,1,0,4232.016,320.4677,1273.8,False,False
PSID261,0,16,9,white,0,1,0.0,320.4677,3707.616,False,True
PSID262,0,20,8,white,1,1,621.0876,306.1452,5551.819,False,True
PSID263,0,42,8,white,0,1,17925.33,300.7742,14116.72,False,True
PSID264,0,17,8,hispan,0,1,391.8534,300.7742,18891.26,True,False
PSID265,0,19,8,hispan,0,1,368.3422,300.7742,18510.0,True,False
PSID266,0,17,9,black,0,1,0.0,297.1935,54.67588,False,False
PSID267,0,21,14,white,0,0,107.7597,293.6129,7698.955,False,True
PSID268,0,16,9,black,0,1,0.0,277.5,3983.951,False,False
PSID269,0,23,13,black,0,0,172.4155,272.129,582.2243,False,False
PSID270,0,16,9,white,0,1,411.446,254.2258,1725.985,False,True
PSID271,0,17,11,hispan,0,1,803.2994,248.8548,5173.521,True,False
PSID272,0,46,7,white,0,1,1081.515,245.2742,0.0,False,True
PSID273,0,32,10,white,1,1,4145.809,238.1129,8245.714,False,True
PSID274,0,18,11,white,0,1,131.2709,218.4194,7503.896,False,True
PSID275,0,23,12,hispan,1,0,0.0,216.629,0.0,True,False
PSID276,0,18,10,white,1,1,0.0,211.2581,14053.18,False,True
PSID277,0,19,10,black,0,1,1056.045,205.8871,0.0,False,False
PSID278,0,16,7,black,0,1,133.2301,205.8871,6145.865,False,False
PSID279,0,26,7,white,1,1,1538.024,189.7742,650.1997,False,True
PSID280,0,16,10,white,0,1,0.0,189.7742,2136.793,False,True
PSID281,0,17,10,white,0,1,0.0,182.6129,6423.677,False,True
PSID282,0,17,10,white,0,1,0.0,171.871,1483.637,False,True
PSID283,0,23,8,white,1,1,33.30754,166.5,0.0,False,True
PSID284,0,29,12,white,1,0,14641.6,162.9194,9473.705,False,True
PSID285,0,17,10,white,0,1,0.0,152.1774,10301.23,False,True
PSID286,0,49,8,white,1,1,14684.7,136.0645,14963.46,False,True
PSID287,0,20,10,white,1,1,6563.544,134.2742,15363.92,False,True
PSID288,0,40,16,white,1,0,0.0,114.5806,0.0,False,True
PSID289,0,19,10,white,0,1,1933.796,112.7903,675.321,False,True
PSID290,0,18,11,white,0,1,1481.206,57.29032,1421.573,False,True
PSID291,0,16,6,black,0,1,0.0,44.75806,0.0,False,False
PSID292,0,22,8,white,1,1,105.8004,42.96774,209.8372,False,True
PSID293,0,31,12,black,1,0,0.0,42.96774,11023.84,False,False
PSID294,0,20,11,white,1,1,4478.884,39.3871,6280.338,False,True
PSID295,0,17,11,hispan,0,1,601.4949,10.74194,1913.656,True,False
PSID296,0,50,12,white,1,0,25862.32,0.0,25564.67,False,True
PSID297,0,49,14,white,1,0,25862.32,0.0,25564.67,False,True
PSID298,0,47,9,white,1,1,25862.32,0.0,25564.67,False,True
PSID299,0,34,11,hispan,1,1,22198.49,0.0,0.0,True,False
PSID300,0,22,8,black,1,1,16961.37,0.0,959.0445,False,False
PSID301,0,27,12,white,1,0,15509.56,0.0,12593.19,False,True
PSID302,0,30,10,white,1,1,14913.94,0.0,11563.21,False,True
PSID303,0,52,12,white,1,0,14780.71,0.0,25564.67,False,True
PSID304,0,43,12,white,1,0,13321.05,0.0,16860.86,False,True
PSID305,0,27,9,hispan,1,1,12829.28,0.0,0.0,True,False
PSID306,0,35,13,white,0,0,9537.711,0.0,11269.14,False,True
PSID307,0,45,12,white,1,0,9277.128,0.0,12108.49,False,True
PSID308,0,22,11,black,1,1,9049.853,0.0,9088.018,False,False
PSID309,0,22,12,white,1,0,9022.424,0.0,3342.618,False,True
PSID310,0,23,11,white,1,1,8910.745,0.0,4183.444,False,True
PSID311,0,55,7,white,1,1,8832.375,0.0,0.0,False,True
PSID312,0,26,14,white,0,0,8411.132,0.0,0.0,False,True
PSID313,0,34,12,white,0,0,8125.079,0.0,6032.08,False,True
PSID314,0,22,11,white,0,1,8013.401,0.0,5748.356,False,True
PSID315,0,31,12,white,0,0,6156.016,0.0,4094.78,False,True
PSID316,0,19,12,white,0,0,5797.47,0.0,2160.436,False,True
PSID317,0,24,10,white,1,1,5523.173,0.0,5040.525,False,True
PSID318,0,36,12,white,1,0,5374.269,0.0,0.0,False,True
PSID319,0,20,9,white,1,1,5229.283,0.0,15892.95,False,True
PSID320,0,23,8,white,1,1,4610.155,0.0,0.0,False,True
PSID321,0,35,11,white,1,1,3975.352,0.0,21963.45,False,True
PSID322,0,23,12,white,0,0,3893.063,0.0,16324.45,False,True
PSID323,0,29,10,white,0,1,3751.996,0.0,251.2135,False,True
PSID324,0,24,9,white,1,1,3438.513,0.0,818.6605,False,True
PSID325,0,18,10,white,0,1,3360.143,0.0,0.0,False,True
PSID326,0,45,8,black,0,1,3299.405,0.0,31.03226,False,False
PSID327,0,21,13,hispan,0,0,3015.312,0.0,17627.8,True,False
PSID328,0,29,13,white,1,0,2780.2,0.0,14339.86,False,True
PSID329,0,21,15,white,0,0,2629.336,0.0,1717.118,False,True
PSID330,0,22,16,black,0,0,2564.68,0.0,116.7404,False,False
PSID331,0,24,12,black,1,0,2355.039,0.0,2448.593,False,False
PSID332,0,20,14,white,0,0,2210.053,0.0,2813.591,False,True
PSID333,0,19,6,black,0,1,1955.348,0.0,14998.92,False,False
PSID334,0,19,9,hispan,0,1,1822.118,0.0,3372.172,True,False
PSID335,0,19,12,black,0,0,1681.051,0.0,0.0,False,False
PSID336,0,20,13,white,0,0,1657.54,0.0,913.235,False,True
PSID337,0,19,12,black,0,0,1655.58,0.0,0.0,False,False
PSID338,0,26,5,white,1,1,1573.291,0.0,3700.227,False,True
PSID339,0,26,9,hispan,0,1,1563.495,0.0,2862.356,True,False
PSID340,0,23,12,white,0,0,1504.717,0.0,0.0,False,True
PSID341,0,20,9,hispan,0,1,1500.798,0.0,12618.31,True,False
PSID342,0,20,10,white,0,1,1412.631,0.0,6290.682,False,True
PSID343,0,36,11,white,1,1,1404.794,0.0,0.0,False,True
PSID344,0,39,12,white,1,0,1289.198,0.0,1202.869,False,True
PSID345,0,17,9,black,0,1,1222.582,0.0,422.6298,False,False
PSID346,0,55,3,white,0,1,1208.868,0.0,0.0,False,True
PSID347,0,28,8,white,1,1,1202.99,0.0,19516.33,False,True
PSID348,0,19,12,hispan,0,0,1058.004,0.0,8923.991,True,False
PSID349,0,37,7,white,1,1,963.9593,0.0,0.0,False,True
PSID350,0,16,9,white,1,1,920.8554,0.0,15997.87,False,True
PSID351,0,17,10,white,0,1,646.558,0.0,9438.24,False,True
PSID352,0,24,12,black,0,0,566.2281,0.0,2284.565,False,False
PSID353,0,19,11,white,0,1,540.7576,0.0,3406.16,False,True
PSID354,0,50,5,black,1,1,411.446,0.0,9166.338,False,False
PSID355,0,19,9,black,0,1,384.0163,0.0,0.0,False,False
PSID356,0,36,1,black,0,1,348.7495,0.0,0.0,False,False
PSID357,0,18,11,white,0,1,321.3198,0.0,7722.599,False,True
PSID358,0,16,7,hispan,0,1,289.9715,0.0,7515.717,True,False
PSID359,0,21,11,white,1,1,246.8676,0.0,6708.879,False,True
PSID360,0,55,6,white,1,1,111.6782,0.0,0.0,False,True
PSID361,0,37,12,white,0,0,48.98167,0.0,877.7696,False,True
PSID362,0,26,12,hispan,1,0,47.0224,0.0,0.0,True,False
PSID363,0,54,12,white,1,0,0.0,0.0,0.0,False,True
PSID364,0,50,12,white,1,0,0.0,0.0,0.0,False,True
PSID365,0,16,8,white,0,1,0.0,0.0,2559.422,False,True
PSID366,0,16,9,hispan,0,1,0.0,0.0,0.0,True,False
PSID367,0,18,10,black,0,1,0.0,0.0,2281.61,False,False
PSID368,0,40,11,black,1,1,0.0,0.0,0.0,False,False
PSID369,0,16,8,white,0,1,0.0,0.0,0.0,False,True
PSID370,0,16,9,black,0,1,0.0,0.0,2158.959,False,False
PSID371,0,26,14,white,0,0,0.0,0.0,6717.745,False,True
PSID372,0,20,9,black,0,1,0.0,0.0,6083.8,False,False
PSID373,0,20,12,black,0,0,0.0,0.0,0.0,False,False
PSID374,0,18,11,black,0,1,0.0,0.0,0.0,False,False
PSID375,0,46,11,black,1,1,0.0,0.0,2820.98,False,False
PSID376,0,17,8,black,0,1,0.0,0.0,12760.17,False,False
PSID377,0,16,9,white,0,1,0.0,0.0,4974.028,False,True
PSID378,0,30,10,white,1,1,0.0,0.0,3151.991,False,True
PSID379,0,33,12,hispan,1,0,0.0,0.0,5841.453,True,False
PSID380,0,34,12,black,1,0,0.0,0.0,18716.88,False,False
PSID381,0,21,13,black,0,0,0.0,0.0,17941.08,False,False
PSID382,0,29,11,white,1,1,0.0,0.0,0.0,False,True
PSID383,0,19,12,white,0,0,0.0,0.0,0.0,False,True
PSID384,0,31,4,hispan,0,1,0.0,0.0,1161.493,True,False
PSID385,0,19,12,hispan,0,0,0.0,0.0,18573.55,True,False
PSID386,0,20,12,black,0,0,0.0,0.0,11594.24,False,False
PSID387,0,55,4,black,0,1,0.0,0.0,0.0,False,False
PSID388,0,19,11,black,0,1,0.0,0.0,16485.52,False,False
PSID389,0,18,11,black,0,1,0.0,0.0,7146.286,False,False
PSID390,0,48,13,white,1,0,0.0,0.0,0.0,False,True
PSID391,0,16,9,hispan,1,1,0.0,0.0,6821.186,True,False
PSID392,0,17,10,black,0,1,0.0,0.0,0.0,False,False
PSID393,0,38,12,white,1,0,0.0,0.0,18756.78,False,True
PSID394,0,34,8,white,1,1,0.0,0.0,2664.341,False,True
PSID395,0,53,12,white,0,0,0.0,0.0,0.0,False,True
PSID396,0,48,14,white,1,0,0.0,0.0,7236.427,False,True
PSID397,0,16,9,white,0,1,0.0,0.0,6494.608,False,True
PSID398,0,17,8,black,0,1,0.0,0.0,4520.366,False,False
PSID399,0,27,14,black,0,0,0.0,0.0,10122.43,False,False
PSID400,0,37,8,black,0,1,0.0,0.0,648.722,False,False
PSID401,0,17,10,black,0,1,0.0,0.0,1053.619,False,False
PSID402,0,16,8,white,0,1,0.0,0.0,0.0,False,True
PSID403,0,48,12,white,1,0,0.0,0.0,1491.026,False,True
PSID404,0,55,7,white,0,1,0.0,0.0,0.0,False,True
PSID405,0,21,15,white,0,0,0.0,0.0,0.0,False,True
PSID406,0,16,10,black,0,1,0.0,0.0,1730.418,False,False
PSID407,0,23,12,white,0,0,0.0,0.0,3902.676,False,True
PSID408,0,46,11,black,1,1,0.0,0.0,0.0,False,False
PSID409,0,17,10,white,0,1,0.0,0.0,14942.77,False,True
PSID410,0,42,16,white,0,0,0.0,0.0,23764.8,False,True
PSID411,0,18,10,black,0,1,0.0,0.0,5306.516,False,False
PSID412,0,53,12,black,0,0,0.0,0.0,0.0,False,False
PSID413,0,17,10,white,1,1,0.0,0.0,3859.822,False,True
PSID414,0,17,6,white,0,1,0.0,0.0,0.0,False,True
PSID415,0,43,6,white,1,1,0.0,0.0,0.0,False,True
PSID416,0,34,12,black,0,0,0.0,0.0,0.0,False,False
PSID417,0,16,8,hispan,0,1,0.0,0.0,12242.96,True,False
PSID418,0,27,12,white,1,0,0.0,0.0,1533.88,False,True
PSID419,0,51,4,black,0,1,0.0,0.0,0.0,False,False
PSID420,0,39,2,black,1,1,0.0,0.0,964.9555,False,False
PSID421,0,55,8,white,1,1,0.0,0.0,0.0,False,True
PSID422,0,16,9,white,0,1,0.0,0.0,5551.819,False,True
PSID423,0,27,10,black,0,1,0.0,0.0,7543.794,False,False
PSID424,0,25,14,white,0,0,0.0,0.0,0.0,False,True
PSID425,0,18,11,white,0,1,0.0,0.0,10150.5,False,True
PSID426,0,24,1,hispan,1,1,0.0,0.0,19464.61,True,False
PSID427,0,21,18,white,0,0,0.0,0.0,0.0,False,True
PSID428,0,32,5,black,1,1,0.0,0.0,187.6713,False,False
PSID429,0,16,9,white,0,1,0.0,0.0,1495.459,False,True
